-- phpMyAdmin SQL Dump
-- version 4.0.4
-- http://www.phpmyadmin.net
--
-- Host: 127.0.0.1
-- Generation Time: Oct 19, 2014 at 03:32 PM
-- Server version: 5.5.32
-- PHP Version: 5.4.16

SET SQL_MODE = "NO_AUTO_VALUE_ON_ZERO";
SET time_zone = "+00:00";


/*!40101 SET @OLD_CHARACTER_SET_CLIENT=@@CHARACTER_SET_CLIENT */;
/*!40101 SET @OLD_CHARACTER_SET_RESULTS=@@CHARACTER_SET_RESULTS */;
/*!40101 SET @OLD_COLLATION_CONNECTION=@@COLLATION_CONNECTION */;
/*!40101 SET NAMES utf8 */;

--
-- Database: `__dbxpayroll`
--
CREATE DATABASE IF NOT EXISTS `__dbxpayroll` DEFAULT CHARACTER SET latin1 COLLATE latin1_swedish_ci;
USE `__dbxpayroll`;

-- --------------------------------------------------------

--
-- Table structure for table `_tdailytimerecord`
--

CREATE TABLE IF NOT EXISTS `_tdailytimerecord` (
  `dailytimerecord_id` int(11) NOT NULL AUTO_INCREMENT,
  `eid` varchar(11) NOT NULL,
  `_date` date NOT NULL,
  `hrs` int(2) NOT NULL,
  PRIMARY KEY (`dailytimerecord_id`),
  KEY `eid` (`eid`)
) ENGINE=InnoDB  DEFAULT CHARSET=latin1 AUTO_INCREMENT=925 ;

--
-- Dumping data for table `_tdailytimerecord`
--

INSERT INTO `_tdailytimerecord` (`dailytimerecord_id`, `eid`, `_date`, `hrs`) VALUES
(1, '0001', '2013-07-01', 8),
(2, '0001', '2013-07-02', 8),
(3, '0001', '2013-07-03', 8),
(4, '0001', '2013-07-04', 8),
(5, '0001', '2013-07-05', 8),
(6, '0001', '2013-07-08', 8),
(7, '0001', '2013-07-09', 8),
(8, '0001', '2013-07-10', 8),
(9, '0001', '2013-07-11', 8),
(10, '0001', '2013-07-12', 8),
(11, '0001', '2013-07-15', 8),
(12, '0001', '2013-07-16', 8),
(13, '0001', '2013-07-17', 8),
(14, '0001', '2013-07-18', 8),
(15, '0001', '2013-07-19', 8),
(16, '0001', '2013-07-22', 8),
(17, '0001', '2013-07-23', 8),
(18, '0001', '2013-07-24', 8),
(19, '0001', '2013-07-25', 8),
(20, '0001', '2013-07-26', 8),
(21, '0001', '2013-07-29', 8),
(22, '0001', '2013-07-30', 8),
(23, '0001', '2013-07-31', 8),
(24, '0002', '2013-07-01', 8),
(25, '0002', '2013-07-02', 8),
(26, '0002', '2013-07-03', 8),
(27, '0002', '2013-07-04', 8),
(28, '0002', '2013-07-05', 8),
(29, '0002', '2013-07-08', 8),
(30, '0002', '2013-07-09', 8),
(31, '0002', '2013-07-10', 8),
(32, '0002', '2013-07-11', 8),
(33, '0002', '2013-07-12', 8),
(34, '0002', '2013-07-15', 8),
(35, '0002', '2013-07-16', 8),
(36, '0002', '2013-07-17', 8),
(37, '0002', '2013-07-18', 8),
(38, '0002', '2013-07-19', 8),
(39, '0002', '2013-07-22', 8),
(40, '0002', '2013-07-23', 8),
(41, '0002', '2013-07-24', 8),
(42, '0002', '2013-07-25', 8),
(43, '0002', '2013-07-26', 8),
(44, '0002', '2013-07-29', 8),
(45, '0002', '2013-07-30', 8),
(46, '0002', '2013-07-31', 8),
(47, '0003', '2013-07-01', 8),
(48, '0003', '2013-07-02', 8),
(49, '0003', '2013-07-03', 8),
(50, '0003', '2013-07-04', 8),
(51, '0003', '2013-07-05', 8),
(52, '0003', '2013-07-08', 8),
(53, '0003', '2013-07-09', 8),
(54, '0003', '2013-07-10', 8),
(55, '0003', '2013-07-11', 8),
(56, '0003', '2013-07-12', 8),
(57, '0003', '2013-07-15', 8),
(58, '0003', '2013-07-16', 8),
(59, '0003', '2013-07-17', 8),
(60, '0003', '2013-07-18', 8),
(61, '0003', '2013-07-19', 8),
(62, '0003', '2013-07-22', 8),
(63, '0003', '2013-07-23', 8),
(64, '0003', '2013-07-24', 8),
(65, '0003', '2013-07-25', 8),
(66, '0003', '2013-07-26', 8),
(67, '0003', '2013-07-29', 8),
(68, '0003', '2013-07-30', 8),
(69, '0003', '2013-07-31', 8),
(70, '0004', '2013-07-01', 8),
(71, '0004', '2013-07-02', 8),
(72, '0004', '2013-07-03', 8),
(73, '0004', '2013-07-04', 8),
(74, '0004', '2013-07-05', 8),
(75, '0004', '2013-07-08', 8),
(76, '0004', '2013-07-09', 8),
(77, '0004', '2013-07-10', 8),
(78, '0004', '2013-07-11', 8),
(79, '0004', '2013-07-12', 8),
(80, '0004', '2013-07-15', 8),
(81, '0004', '2013-07-16', 8),
(82, '0004', '2013-07-17', 8),
(83, '0004', '2013-07-18', 8),
(84, '0004', '2013-07-19', 8),
(85, '0004', '2013-07-22', 8),
(86, '0004', '2013-07-23', 8),
(87, '0004', '2013-07-24', 8),
(88, '0004', '2013-07-25', 8),
(89, '0004', '2013-07-26', 8),
(90, '0004', '2013-07-29', 8),
(91, '0004', '2013-07-30', 8),
(92, '0004', '2013-07-31', 8),
(93, '0005', '2013-07-01', 8),
(94, '0005', '2013-07-02', 8),
(95, '0005', '2013-07-03', 8),
(96, '0005', '2013-07-04', 8),
(97, '0005', '2013-07-05', 8),
(98, '0005', '2013-07-08', 8),
(99, '0005', '2013-07-09', 8),
(100, '0005', '2013-07-10', 8),
(101, '0005', '2013-07-11', 8),
(102, '0005', '2013-07-12', 8),
(103, '0005', '2013-07-15', 8),
(104, '0005', '2013-07-16', 8),
(105, '0005', '2013-07-17', 8),
(106, '0005', '2013-07-18', 8),
(107, '0005', '2013-07-19', 8),
(108, '0005', '2013-07-22', 8),
(109, '0005', '2013-07-23', 8),
(110, '0005', '2013-07-24', 8),
(111, '0005', '2013-07-25', 8),
(112, '0005', '2013-07-26', 8),
(113, '0005', '2013-07-29', 8),
(114, '0005', '2013-07-30', 8),
(115, '0005', '2013-07-31', 8),
(116, '0006', '2013-07-01', 8),
(117, '0006', '2013-07-02', 8),
(118, '0006', '2013-07-03', 8),
(119, '0006', '2013-07-04', 8),
(120, '0006', '2013-07-05', 8),
(121, '0006', '2013-07-08', 8),
(122, '0006', '2013-07-09', 8),
(123, '0006', '2013-07-10', 8),
(124, '0006', '2013-07-11', 8),
(125, '0006', '2013-07-12', 8),
(126, '0006', '2013-07-15', 8),
(127, '0006', '2013-07-16', 8),
(128, '0006', '2013-07-17', 8),
(129, '0006', '2013-07-18', 8),
(130, '0006', '2013-07-19', 8),
(131, '0006', '2013-07-22', 8),
(132, '0006', '2013-07-23', 8),
(133, '0006', '2013-07-24', 8),
(134, '0006', '2013-07-25', 8),
(135, '0006', '2013-07-26', 8),
(136, '0006', '2013-07-29', 8),
(137, '0006', '2013-07-30', 8),
(138, '0006', '2013-07-31', 8),
(139, '0007', '2013-07-01', 8),
(140, '0007', '2013-07-02', 8),
(141, '0007', '2013-07-03', 8),
(142, '0007', '2013-07-04', 8),
(143, '0007', '2013-07-05', 8),
(144, '0007', '2013-07-08', 8),
(145, '0007', '2013-07-09', 8),
(146, '0007', '2013-07-10', 8),
(147, '0007', '2013-07-11', 8),
(148, '0007', '2013-07-12', 8),
(149, '0007', '2013-07-15', 8),
(150, '0007', '2013-07-16', 8),
(151, '0007', '2013-07-17', 8),
(152, '0007', '2013-07-18', 8),
(153, '0007', '2013-07-19', 8),
(154, '0007', '2013-07-22', 8),
(155, '0007', '2013-07-23', 8),
(156, '0007', '2013-07-24', 8),
(157, '0007', '2013-07-25', 8),
(158, '0007', '2013-07-26', 8),
(159, '0007', '2013-07-29', 8),
(160, '0007', '2013-07-30', 8),
(161, '0007', '2013-07-31', 8),
(162, '0001', '2013-08-01', 8),
(163, '0001', '2013-08-02', 8),
(164, '0001', '2013-08-05', 8),
(165, '0001', '2013-08-06', 8),
(166, '0001', '2013-08-07', 8),
(167, '0001', '2013-08-08', 8),
(168, '0001', '2013-08-09', 8),
(169, '0001', '2013-08-12', 8),
(170, '0001', '2013-08-13', 0),
(171, '0001', '2013-08-14', 8),
(172, '0001', '2013-08-15', 8),
(173, '0001', '2013-08-16', 8),
(174, '0001', '2013-08-19', 8),
(175, '0001', '2013-08-20', 8),
(176, '0001', '2013-08-21', 8),
(177, '0001', '2013-08-22', 8),
(178, '0001', '2013-08-23', 8),
(179, '0001', '2013-08-26', 8),
(180, '0001', '2013-08-27', 8),
(181, '0001', '2013-08-28', 8),
(182, '0001', '2013-08-29', 8),
(183, '0001', '2013-08-30', 8),
(184, '0002', '2013-08-01', 8),
(185, '0002', '2013-08-02', 8),
(186, '0002', '2013-08-05', 8),
(187, '0002', '2013-08-06', 8),
(188, '0002', '2013-08-07', 8),
(189, '0002', '2013-08-08', 8),
(190, '0002', '2013-08-09', 8),
(191, '0002', '2013-08-12', 8),
(192, '0002', '2013-08-13', 8),
(193, '0002', '2013-08-14', 8),
(194, '0002', '2013-08-15', 8),
(195, '0002', '2013-08-16', 8),
(196, '0002', '2013-08-19', 8),
(197, '0002', '2013-08-20', 8),
(198, '0002', '2013-08-21', 8),
(199, '0002', '2013-08-22', 8),
(200, '0002', '2013-08-23', 8),
(201, '0002', '2013-08-26', 8),
(202, '0002', '2013-08-27', 8),
(203, '0002', '2013-08-28', 8),
(204, '0002', '2013-08-29', 8),
(205, '0002', '2013-08-30', 8),
(206, '0003', '2013-08-01', 8),
(207, '0003', '2013-08-02', 8),
(208, '0003', '2013-08-05', 8),
(209, '0003', '2013-08-06', 8),
(210, '0003', '2013-08-07', 8),
(211, '0003', '2013-08-08', 8),
(212, '0003', '2013-08-09', 8),
(213, '0003', '2013-08-12', 8),
(214, '0003', '2013-08-13', 8),
(215, '0003', '2013-08-14', 8),
(216, '0003', '2013-08-15', 8),
(217, '0003', '2013-08-16', 8),
(218, '0003', '2013-08-19', 8),
(219, '0003', '2013-08-20', 8),
(220, '0003', '2013-08-21', 8),
(221, '0003', '2013-08-22', 8),
(222, '0003', '2013-08-23', 8),
(223, '0003', '2013-08-26', 8),
(224, '0003', '2013-08-27', 8),
(225, '0003', '2013-08-28', 8),
(226, '0003', '2013-08-29', 8),
(227, '0003', '2013-08-30', 8),
(228, '0004', '2013-08-01', 8),
(229, '0004', '2013-08-02', 8),
(230, '0004', '2013-08-05', 8),
(231, '0004', '2013-08-06', 8),
(232, '0004', '2013-08-07', 8),
(233, '0004', '2013-08-08', 8),
(234, '0004', '2013-08-09', 8),
(235, '0004', '2013-08-12', 8),
(236, '0004', '2013-08-13', 8),
(237, '0004', '2013-08-14', 8),
(238, '0004', '2013-08-15', 8),
(239, '0004', '2013-08-16', 8),
(240, '0004', '2013-08-19', 8),
(241, '0004', '2013-08-20', 8),
(242, '0004', '2013-08-21', 8),
(243, '0004', '2013-08-22', 8),
(244, '0004', '2013-08-23', 8),
(245, '0004', '2013-08-26', 8),
(246, '0004', '2013-08-27', 8),
(247, '0004', '2013-08-28', 8),
(248, '0004', '2013-08-29', 8),
(249, '0004', '2013-08-30', 8),
(250, '0005', '2013-08-01', 8),
(251, '0005', '2013-08-02', 8),
(252, '0005', '2013-08-05', 8),
(253, '0005', '2013-08-06', 8),
(254, '0005', '2013-08-07', 8),
(255, '0005', '2013-08-08', 8),
(256, '0005', '2013-08-09', 8),
(257, '0005', '2013-08-12', 8),
(258, '0005', '2013-08-13', 8),
(259, '0005', '2013-08-14', 8),
(260, '0005', '2013-08-15', 8),
(261, '0005', '2013-08-16', 8),
(262, '0005', '2013-08-19', 8),
(263, '0005', '2013-08-20', 8),
(264, '0005', '2013-08-21', 8),
(265, '0005', '2013-08-22', 8),
(266, '0005', '2013-08-23', 8),
(267, '0005', '2013-08-26', 8),
(268, '0005', '2013-08-27', 8),
(269, '0005', '2013-08-28', 8),
(270, '0005', '2013-08-29', 8),
(271, '0005', '2013-08-30', 8),
(272, '0006', '2013-08-01', 8),
(273, '0006', '2013-08-02', 8),
(274, '0006', '2013-08-05', 8),
(275, '0006', '2013-08-06', 8),
(276, '0006', '2013-08-07', 8),
(277, '0006', '2013-08-08', 8),
(278, '0006', '2013-08-09', 8),
(279, '0006', '2013-08-12', 8),
(280, '0006', '2013-08-13', 8),
(281, '0006', '2013-08-14', 8),
(282, '0006', '2013-08-15', 8),
(283, '0006', '2013-08-16', 8),
(284, '0006', '2013-08-19', 8),
(285, '0006', '2013-08-20', 8),
(286, '0006', '2013-08-21', 8),
(287, '0006', '2013-08-22', 8),
(288, '0006', '2013-08-23', 8),
(289, '0006', '2013-08-26', 8),
(290, '0006', '2013-08-27', 8),
(291, '0006', '2013-08-28', 8),
(292, '0006', '2013-08-29', 8),
(293, '0006', '2013-08-30', 8),
(294, '0007', '2013-08-01', 8),
(295, '0007', '2013-08-02', 8),
(296, '0007', '2013-08-05', 8),
(297, '0007', '2013-08-06', 8),
(298, '0007', '2013-08-07', 8),
(299, '0007', '2013-08-08', 8),
(300, '0007', '2013-08-09', 8),
(301, '0007', '2013-08-12', 8),
(302, '0007', '2013-08-13', 8),
(303, '0007', '2013-08-14', 8),
(304, '0007', '2013-08-15', 8),
(305, '0007', '2013-08-16', 8),
(306, '0007', '2013-08-19', 8),
(307, '0007', '2013-08-20', 8),
(308, '0007', '2013-08-21', 8),
(309, '0007', '2013-08-22', 8),
(310, '0007', '2013-08-23', 8),
(311, '0007', '2013-08-26', 8),
(312, '0007', '2013-08-27', 8),
(313, '0007', '2013-08-28', 8),
(314, '0007', '2013-08-29', 8),
(315, '0007', '2013-08-30', 8),
(316, '0001', '2013-09-02', 8),
(317, '0001', '2013-09-03', 8),
(318, '0001', '2013-09-04', 8),
(319, '0001', '2013-09-05', 8),
(320, '0001', '2013-09-06', 8),
(321, '0001', '2013-09-09', 8),
(322, '0001', '2013-09-10', 8),
(323, '0001', '2013-09-11', 8),
(324, '0001', '2013-09-12', 8),
(325, '0001', '2013-09-13', 0),
(326, '0001', '2013-09-16', 8),
(327, '0001', '2013-09-17', 0),
(328, '0001', '2013-09-18', 8),
(329, '0001', '2013-09-19', 8),
(330, '0001', '2013-09-20', 8),
(331, '0001', '2013-09-23', 8),
(332, '0001', '2013-09-24', 8),
(333, '0001', '2013-09-25', 8),
(334, '0001', '2013-09-26', 8),
(335, '0001', '2013-09-27', 8),
(336, '0001', '2013-09-30', 8),
(337, '0002', '2013-09-02', 8),
(338, '0002', '2013-09-03', 8),
(339, '0002', '2013-09-04', 8),
(340, '0002', '2013-09-05', 8),
(341, '0002', '2013-09-06', 8),
(342, '0002', '2013-09-09', 8),
(343, '0002', '2013-09-10', 8),
(344, '0002', '2013-09-11', 8),
(345, '0002', '2013-09-12', 8),
(346, '0002', '2013-09-13', 8),
(347, '0002', '2013-09-16', 8),
(348, '0002', '2013-09-17', 8),
(349, '0002', '2013-09-18', 8),
(350, '0002', '2013-09-19', 8),
(351, '0002', '2013-09-20', 8),
(352, '0002', '2013-09-23', 8),
(353, '0002', '2013-09-24', 8),
(354, '0002', '2013-09-25', 8),
(355, '0002', '2013-09-26', 8),
(356, '0002', '2013-09-27', 8),
(357, '0002', '2013-09-30', 8),
(358, '0003', '2013-09-02', 8),
(359, '0003', '2013-09-03', 8),
(360, '0003', '2013-09-04', 8),
(361, '0003', '2013-09-05', 8),
(362, '0003', '2013-09-06', 8),
(363, '0003', '2013-09-09', 8),
(364, '0003', '2013-09-10', 8),
(365, '0003', '2013-09-11', 8),
(366, '0003', '2013-09-12', 8),
(367, '0003', '2013-09-13', 8),
(368, '0003', '2013-09-16', 8),
(369, '0003', '2013-09-17', 8),
(370, '0003', '2013-09-18', 8),
(371, '0003', '2013-09-19', 8),
(372, '0003', '2013-09-20', 8),
(373, '0003', '2013-09-23', 8),
(374, '0003', '2013-09-24', 8),
(375, '0003', '2013-09-25', 8),
(376, '0003', '2013-09-26', 8),
(377, '0003', '2013-09-27', 8),
(378, '0003', '2013-09-30', 8),
(379, '0004', '2013-09-02', 8),
(380, '0004', '2013-09-03', 8),
(381, '0004', '2013-09-04', 8),
(382, '0004', '2013-09-05', 8),
(383, '0004', '2013-09-06', 8),
(384, '0004', '2013-09-09', 8),
(385, '0004', '2013-09-10', 8),
(386, '0004', '2013-09-11', 8),
(387, '0004', '2013-09-12', 8),
(388, '0004', '2013-09-13', 8),
(389, '0004', '2013-09-16', 8),
(390, '0004', '2013-09-17', 8),
(391, '0004', '2013-09-18', 8),
(392, '0004', '2013-09-19', 8),
(393, '0004', '2013-09-20', 8),
(394, '0004', '2013-09-23', 8),
(395, '0004', '2013-09-24', 8),
(396, '0004', '2013-09-25', 8),
(397, '0004', '2013-09-26', 8),
(398, '0004', '2013-09-27', 8),
(399, '0004', '2013-09-30', 8),
(400, '0005', '2013-09-02', 8),
(401, '0005', '2013-09-03', 8),
(402, '0005', '2013-09-04', 8),
(403, '0005', '2013-09-05', 8),
(404, '0005', '2013-09-06', 8),
(405, '0005', '2013-09-09', 8),
(406, '0005', '2013-09-10', 8),
(407, '0005', '2013-09-11', 8),
(408, '0005', '2013-09-12', 8),
(409, '0005', '2013-09-13', 8),
(410, '0005', '2013-09-16', 8),
(411, '0005', '2013-09-17', 8),
(412, '0005', '2013-09-18', 8),
(413, '0005', '2013-09-19', 8),
(414, '0005', '2013-09-20', 8),
(415, '0005', '2013-09-23', 8),
(416, '0005', '2013-09-24', 8),
(417, '0005', '2013-09-25', 8),
(418, '0005', '2013-09-26', 8),
(419, '0005', '2013-09-27', 8),
(420, '0005', '2013-09-30', 8),
(421, '0006', '2013-09-02', 8),
(422, '0006', '2013-09-03', 8),
(423, '0006', '2013-09-04', 8),
(424, '0006', '2013-09-05', 8),
(425, '0006', '2013-09-06', 8),
(426, '0006', '2013-09-09', 8),
(427, '0006', '2013-09-10', 8),
(428, '0006', '2013-09-11', 8),
(429, '0006', '2013-09-12', 8),
(430, '0006', '2013-09-13', 8),
(431, '0006', '2013-09-16', 8),
(432, '0006', '2013-09-17', 8),
(433, '0006', '2013-09-18', 8),
(434, '0006', '2013-09-19', 8),
(435, '0006', '2013-09-20', 8),
(436, '0006', '2013-09-23', 8),
(437, '0006', '2013-09-24', 8),
(438, '0006', '2013-09-25', 8),
(439, '0006', '2013-09-26', 8),
(440, '0006', '2013-09-27', 8),
(441, '0006', '2013-09-30', 8),
(442, '0007', '2013-09-02', 8),
(443, '0007', '2013-09-03', 8),
(444, '0007', '2013-09-04', 8),
(445, '0007', '2013-09-05', 8),
(446, '0007', '2013-09-06', 8),
(447, '0007', '2013-09-09', 8),
(448, '0007', '2013-09-10', 8),
(449, '0007', '2013-09-11', 8),
(450, '0007', '2013-09-12', 8),
(451, '0007', '2013-09-13', 8),
(452, '0007', '2013-09-16', 8),
(453, '0007', '2013-09-17', 8),
(454, '0007', '2013-09-18', 8),
(455, '0007', '2013-09-19', 8),
(456, '0007', '2013-09-20', 8),
(457, '0007', '2013-09-23', 8),
(458, '0007', '2013-09-24', 8),
(459, '0007', '2013-09-25', 8),
(460, '0007', '2013-09-26', 8),
(461, '0007', '2013-09-27', 8),
(462, '0007', '2013-09-30', 8),
(463, '0001', '2013-10-01', 8),
(464, '0001', '2013-10-02', 8),
(465, '0001', '2013-10-03', 8),
(466, '0001', '2013-10-04', 8),
(467, '0001', '2013-10-07', 8),
(468, '0001', '2013-10-08', 8),
(469, '0001', '2013-10-09', 8),
(470, '0001', '2013-10-10', 8),
(471, '0001', '2013-10-11', 8),
(472, '0001', '2013-10-14', 8),
(473, '0001', '2013-10-15', 8),
(474, '0001', '2013-10-16', 8),
(475, '0001', '2013-10-17', 0),
(476, '0001', '2013-10-18', 8),
(477, '0001', '2013-10-21', 8),
(478, '0001', '2013-10-22', 8),
(479, '0001', '2013-10-23', 8),
(480, '0001', '2013-10-24', 8),
(481, '0001', '2013-10-25', 8),
(482, '0001', '2013-10-28', 8),
(483, '0001', '2013-10-29', 8),
(484, '0001', '2013-10-30', 8),
(485, '0001', '2013-10-31', 8),
(486, '0002', '2013-10-01', 8),
(487, '0002', '2013-10-02', 8),
(488, '0002', '2013-10-03', 8),
(489, '0002', '2013-10-04', 8),
(490, '0002', '2013-10-07', 8),
(491, '0002', '2013-10-08', 8),
(492, '0002', '2013-10-09', 8),
(493, '0002', '2013-10-10', 8),
(494, '0002', '2013-10-11', 8),
(495, '0002', '2013-10-14', 8),
(496, '0002', '2013-10-15', 8),
(497, '0002', '2013-10-16', 8),
(498, '0002', '2013-10-17', 8),
(499, '0002', '2013-10-18', 8),
(500, '0002', '2013-10-21', 8),
(501, '0002', '2013-10-22', 8),
(502, '0002', '2013-10-23', 8),
(503, '0002', '2013-10-24', 8),
(504, '0002', '2013-10-25', 8),
(505, '0002', '2013-10-28', 8),
(506, '0002', '2013-10-29', 8),
(507, '0002', '2013-10-30', 8),
(508, '0002', '2013-10-31', 8),
(509, '0003', '2013-10-01', 8),
(510, '0003', '2013-10-02', 8),
(511, '0003', '2013-10-03', 8),
(512, '0003', '2013-10-04', 0),
(513, '0003', '2013-10-07', 8),
(514, '0003', '2013-10-08', 8),
(515, '0003', '2013-10-09', 8),
(516, '0003', '2013-10-10', 8),
(517, '0003', '2013-10-11', 8),
(518, '0003', '2013-10-14', 8),
(519, '0003', '2013-10-15', 8),
(520, '0003', '2013-10-16', 8),
(521, '0003', '2013-10-17', 8),
(522, '0003', '2013-10-18', 8),
(523, '0003', '2013-10-21', 8),
(524, '0003', '2013-10-22', 8),
(525, '0003', '2013-10-23', 0),
(526, '0003', '2013-10-24', 8),
(527, '0003', '2013-10-25', 8),
(528, '0003', '2013-10-28', 8),
(529, '0003', '2013-10-29', 8),
(530, '0003', '2013-10-30', 8),
(531, '0003', '2013-10-31', 8),
(532, '0004', '2013-10-01', 8),
(533, '0004', '2013-10-02', 8),
(534, '0004', '2013-10-03', 8),
(535, '0004', '2013-10-04', 8),
(536, '0004', '2013-10-07', 8),
(537, '0004', '2013-10-08', 8),
(538, '0004', '2013-10-09', 8),
(539, '0004', '2013-10-10', 8),
(540, '0004', '2013-10-11', 8),
(541, '0004', '2013-10-14', 8),
(542, '0004', '2013-10-15', 8),
(543, '0004', '2013-10-16', 8),
(544, '0004', '2013-10-17', 8),
(545, '0004', '2013-10-18', 8),
(546, '0004', '2013-10-21', 0),
(547, '0004', '2013-10-22', 8),
(548, '0004', '2013-10-23', 8),
(549, '0004', '2013-10-24', 8),
(550, '0004', '2013-10-25', 8),
(551, '0004', '2013-10-28', 8),
(552, '0004', '2013-10-29', 8),
(553, '0004', '2013-10-30', 8),
(554, '0004', '2013-10-31', 8),
(555, '0005', '2013-10-01', 8),
(556, '0005', '2013-10-02', 8),
(557, '0005', '2013-10-03', 8),
(558, '0005', '2013-10-04', 8),
(559, '0005', '2013-10-07', 8),
(560, '0005', '2013-10-08', 8),
(561, '0005', '2013-10-09', 8),
(562, '0005', '2013-10-10', 8),
(563, '0005', '2013-10-11', 8),
(564, '0005', '2013-10-14', 8),
(565, '0005', '2013-10-15', 0),
(566, '0005', '2013-10-16', 8),
(567, '0005', '2013-10-17', 8),
(568, '0005', '2013-10-18', 8),
(569, '0005', '2013-10-21', 8),
(570, '0005', '2013-10-22', 8),
(571, '0005', '2013-10-23', 8),
(572, '0005', '2013-10-24', 8),
(573, '0005', '2013-10-25', 8),
(574, '0005', '2013-10-28', 8),
(575, '0005', '2013-10-29', 8),
(576, '0005', '2013-10-30', 8),
(577, '0005', '2013-10-31', 8),
(578, '0006', '2013-10-01', 8),
(579, '0006', '2013-10-02', 8),
(580, '0006', '2013-10-03', 8),
(581, '0006', '2013-10-04', 8),
(582, '0006', '2013-10-07', 8),
(583, '0006', '2013-10-08', 8),
(584, '0006', '2013-10-09', 8),
(585, '0006', '2013-10-10', 8),
(586, '0006', '2013-10-11', 8),
(587, '0006', '2013-10-14', 8),
(588, '0006', '2013-10-15', 0),
(589, '0006', '2013-10-16', 8),
(590, '0006', '2013-10-17', 8),
(591, '0006', '2013-10-18', 8),
(592, '0006', '2013-10-21', 8),
(593, '0006', '2013-10-22', 8),
(594, '0006', '2013-10-23', 8),
(595, '0006', '2013-10-24', 8),
(596, '0006', '2013-10-25', 8),
(597, '0006', '2013-10-28', 8),
(598, '0006', '2013-10-29', 8),
(599, '0006', '2013-10-30', 8),
(600, '0006', '2013-10-31', 8),
(601, '0007', '2013-10-01', 8),
(602, '0007', '2013-10-02', 8),
(603, '0007', '2013-10-03', 8),
(604, '0007', '2013-10-04', 8),
(605, '0007', '2013-10-07', 8),
(606, '0007', '2013-10-08', 8),
(607, '0007', '2013-10-09', 8),
(608, '0007', '2013-10-10', 8),
(609, '0007', '2013-10-11', 8),
(610, '0007', '2013-10-14', 8),
(611, '0007', '2013-10-15', 0),
(612, '0007', '2013-10-16', 8),
(613, '0007', '2013-10-17', 8),
(614, '0007', '2013-10-18', 8),
(615, '0007', '2013-10-21', 8),
(616, '0007', '2013-10-22', 8),
(617, '0007', '2013-10-23', 8),
(618, '0007', '2013-10-24', 8),
(619, '0007', '2013-10-25', 8),
(620, '0007', '2013-10-28', 8),
(621, '0007', '2013-10-29', 8),
(622, '0007', '2013-10-30', 8),
(623, '0007', '2013-10-31', 8),
(624, '0001', '2013-11-01', 8),
(625, '0001', '2013-11-04', 8),
(626, '0001', '2013-11-05', 8),
(627, '0001', '2013-11-06', 8),
(628, '0001', '2013-11-07', 8),
(629, '0001', '2013-11-08', 8),
(630, '0001', '2013-11-11', 8),
(631, '0001', '2013-11-12', 8),
(632, '0001', '2013-11-13', 0),
(633, '0001', '2013-11-14', 8),
(634, '0001', '2013-11-15', 8),
(635, '0001', '2013-11-18', 8),
(636, '0001', '2013-11-19', 8),
(637, '0001', '2013-11-20', 8),
(638, '0001', '2013-11-21', 8),
(639, '0001', '2013-11-22', 8),
(640, '0001', '2013-11-25', 8),
(641, '0001', '2013-11-26', 8),
(642, '0001', '2013-11-27', 8),
(643, '0001', '2013-11-28', 8),
(644, '0001', '2013-11-29', 8),
(645, '0002', '2013-11-01', 8),
(646, '0002', '2013-11-04', 8),
(647, '0002', '2013-11-05', 8),
(648, '0002', '2013-11-06', 8),
(649, '0002', '2013-11-07', 8),
(650, '0002', '2013-11-08', 8),
(651, '0002', '2013-11-11', 8),
(652, '0002', '2013-11-12', 8),
(653, '0002', '2013-11-13', 8),
(654, '0002', '2013-11-14', 8),
(655, '0002', '2013-11-15', 8),
(656, '0002', '2013-11-18', 8),
(657, '0002', '2013-11-19', 8),
(658, '0002', '2013-11-20', 8),
(659, '0002', '2013-11-21', 0),
(660, '0002', '2013-11-22', 8),
(661, '0002', '2013-11-25', 8),
(662, '0002', '2013-11-26', 0),
(663, '0002', '2013-11-27', 8),
(664, '0002', '2013-11-28', 8),
(665, '0002', '2013-11-29', 8),
(666, '0003', '2013-11-01', 8),
(667, '0003', '2013-11-04', 8),
(668, '0003', '2013-11-05', 0),
(669, '0003', '2013-11-06', 8),
(670, '0003', '2013-11-07', 8),
(671, '0003', '2013-11-08', 8),
(672, '0003', '2013-11-11', 8),
(673, '0003', '2013-11-12', 8),
(674, '0003', '2013-11-13', 8),
(675, '0003', '2013-11-14', 8),
(676, '0003', '2013-11-15', 8),
(677, '0003', '2013-11-18', 0),
(678, '0003', '2013-11-19', 8),
(679, '0003', '2013-11-20', 8),
(680, '0003', '2013-11-21', 8),
(681, '0003', '2013-11-22', 8),
(682, '0003', '2013-11-25', 8),
(683, '0003', '2013-11-26', 8),
(684, '0003', '2013-11-27', 8),
(685, '0003', '2013-11-28', 8),
(686, '0003', '2013-11-29', 8),
(687, '0004', '2013-11-01', 8),
(688, '0004', '2013-11-04', 8),
(689, '0004', '2013-11-05', 8),
(690, '0004', '2013-11-06', 8),
(691, '0004', '2013-11-07', 8),
(692, '0004', '2013-11-08', 8),
(693, '0004', '2013-11-11', 8),
(694, '0004', '2013-11-12', 8),
(695, '0004', '2013-11-13', 8),
(696, '0004', '2013-11-14', 8),
(697, '0004', '2013-11-15', 8),
(698, '0004', '2013-11-18', 8),
(699, '0004', '2013-11-19', 8),
(700, '0004', '2013-11-20', 8),
(701, '0004', '2013-11-21', 8),
(702, '0004', '2013-11-22', 8),
(703, '0004', '2013-11-25', 8),
(704, '0004', '2013-11-26', 8),
(705, '0004', '2013-11-27', 8),
(706, '0004', '2013-11-28', 8),
(707, '0004', '2013-11-29', 0),
(708, '0005', '2013-11-01', 8),
(709, '0005', '2013-11-04', 8),
(710, '0005', '2013-11-05', 8),
(711, '0005', '2013-11-06', 8),
(712, '0005', '2013-11-07', 8),
(713, '0005', '2013-11-08', 0),
(714, '0005', '2013-11-11', 8),
(715, '0005', '2013-11-12', 0),
(716, '0005', '2013-11-13', 8),
(717, '0005', '2013-11-14', 8),
(718, '0005', '2013-11-15', 8),
(719, '0005', '2013-11-18', 8),
(720, '0005', '2013-11-19', 8),
(721, '0005', '2013-11-20', 8),
(722, '0005', '2013-11-21', 8),
(723, '0005', '2013-11-22', 8),
(724, '0005', '2013-11-25', 8),
(725, '0005', '2013-11-26', 8),
(726, '0005', '2013-11-27', 8),
(727, '0005', '2013-11-28', 8),
(728, '0005', '2013-11-29', 8),
(729, '0006', '2013-11-01', 8),
(730, '0006', '2013-11-04', 8),
(731, '0006', '2013-11-05', 8),
(732, '0006', '2013-11-06', 8),
(733, '0006', '2013-11-07', 8),
(734, '0006', '2013-11-08', 0),
(735, '0006', '2013-11-11', 8),
(736, '0006', '2013-11-12', 0),
(737, '0006', '2013-11-13', 8),
(738, '0006', '2013-11-14', 8),
(739, '0006', '2013-11-15', 8),
(740, '0006', '2013-11-18', 8),
(741, '0006', '2013-11-19', 8),
(742, '0006', '2013-11-20', 8),
(743, '0006', '2013-11-21', 8),
(744, '0006', '2013-11-22', 8),
(745, '0006', '2013-11-25', 8),
(746, '0006', '2013-11-26', 8),
(747, '0006', '2013-11-27', 8),
(748, '0006', '2013-11-28', 8),
(749, '0006', '2013-11-29', 8),
(750, '0007', '2013-11-01', 8),
(751, '0007', '2013-11-04', 8),
(752, '0007', '2013-11-05', 8),
(753, '0007', '2013-11-06', 8),
(754, '0007', '2013-11-07', 8),
(755, '0007', '2013-11-08', 0),
(756, '0007', '2013-11-11', 8),
(757, '0007', '2013-11-12', 0),
(758, '0007', '2013-11-13', 8),
(759, '0007', '2013-11-14', 8),
(760, '0007', '2013-11-15', 8),
(761, '0007', '2013-11-18', 8),
(762, '0007', '2013-11-19', 8),
(763, '0007', '2013-11-20', 8),
(764, '0007', '2013-11-21', 8),
(765, '0007', '2013-11-22', 8),
(766, '0007', '2013-11-25', 8),
(767, '0007', '2013-11-26', 8),
(768, '0007', '2013-11-27', 8),
(769, '0007', '2013-11-28', 8),
(770, '0007', '2013-11-29', 8),
(771, '0001', '2013-12-02', 8),
(772, '0001', '2013-12-03', 8),
(773, '0001', '2013-12-04', 8),
(774, '0001', '2013-12-05', 8),
(775, '0001', '2013-12-06', 8),
(776, '0001', '2013-12-09', 8),
(777, '0001', '2013-12-10', 8),
(778, '0001', '2013-12-11', 8),
(779, '0001', '2013-12-12', 8),
(780, '0001', '2013-12-13', 8),
(781, '0001', '2013-12-16', 8),
(782, '0001', '2013-12-17', 0),
(783, '0001', '2013-12-18', 8),
(784, '0001', '2013-12-19', 8),
(785, '0001', '2013-12-20', 8),
(786, '0001', '2013-12-23', 8),
(787, '0001', '2013-12-24', 0),
(788, '0001', '2013-12-25', 0),
(789, '0001', '2013-12-26', 8),
(790, '0001', '2013-12-27', 8),
(791, '0001', '2013-12-30', 8),
(792, '0001', '2013-12-31', 8),
(793, '0002', '2013-12-02', 8),
(794, '0002', '2013-12-03', 8),
(795, '0002', '2013-12-04', 8),
(796, '0002', '2013-12-05', 8),
(797, '0002', '2013-12-06', 8),
(798, '0002', '2013-12-09', 8),
(799, '0002', '2013-12-10', 8),
(800, '0002', '2013-12-11', 8),
(801, '0002', '2013-12-12', 8),
(802, '0002', '2013-12-13', 8),
(803, '0002', '2013-12-16', 8),
(804, '0002', '2013-12-17', 8),
(805, '0002', '2013-12-18', 8),
(806, '0002', '2013-12-19', 8),
(807, '0002', '2013-12-20', 8),
(808, '0002', '2013-12-23', 8),
(809, '0002', '2013-12-24', 0),
(810, '0002', '2013-12-25', 0),
(811, '0002', '2013-12-26', 8),
(812, '0002', '2013-12-27', 8),
(813, '0002', '2013-12-30', 8),
(814, '0002', '2013-12-31', 8),
(815, '0003', '2013-12-02', 8),
(816, '0003', '2013-12-03', 8),
(817, '0003', '2013-12-04', 8),
(818, '0003', '2013-12-05', 8),
(819, '0003', '2013-12-06', 8),
(820, '0003', '2013-12-09', 8),
(821, '0003', '2013-12-10', 8),
(822, '0003', '2013-12-11', 8),
(823, '0003', '2013-12-12', 8),
(824, '0003', '2013-12-13', 8),
(825, '0003', '2013-12-16', 8),
(826, '0003', '2013-12-17', 8),
(827, '0003', '2013-12-18', 8),
(828, '0003', '2013-12-19', 8),
(829, '0003', '2013-12-20', 8),
(830, '0003', '2013-12-23', 8),
(831, '0003', '2013-12-24', 0),
(832, '0003', '2013-12-25', 0),
(833, '0003', '2013-12-26', 8),
(834, '0003', '2013-12-27', 8),
(835, '0003', '2013-12-30', 8),
(836, '0003', '2013-12-31', 8),
(837, '0004', '2013-12-02', 8),
(838, '0004', '2013-12-03', 0),
(839, '0004', '2013-12-04', 8),
(840, '0004', '2013-12-05', 8),
(841, '0004', '2013-12-06', 8),
(842, '0004', '2013-12-09', 8),
(843, '0004', '2013-12-10', 0),
(844, '0004', '2013-12-11', 8),
(845, '0004', '2013-12-12', 8),
(846, '0004', '2013-12-13', 8),
(847, '0004', '2013-12-16', 8),
(848, '0004', '2013-12-17', 8),
(849, '0004', '2013-12-18', 8),
(850, '0004', '2013-12-19', 8),
(851, '0004', '2013-12-20', 8),
(852, '0004', '2013-12-23', 0),
(853, '0004', '2013-12-24', 0),
(854, '0004', '2013-12-25', 0),
(855, '0004', '2013-12-26', 8),
(856, '0004', '2013-12-27', 8),
(857, '0004', '2013-12-30', 8),
(858, '0004', '2013-12-31', 8),
(859, '0005', '2013-12-02', 8),
(860, '0005', '2013-12-03', 8),
(861, '0005', '2013-12-04', 8),
(862, '0005', '2013-12-05', 0),
(863, '0005', '2013-12-06', 8),
(864, '0005', '2013-12-09', 8),
(865, '0005', '2013-12-10', 8),
(866, '0005', '2013-12-11', 8),
(867, '0005', '2013-12-12', 8),
(868, '0005', '2013-12-13', 8),
(869, '0005', '2013-12-16', 8),
(870, '0005', '2013-12-17', 8),
(871, '0005', '2013-12-18', 8),
(872, '0005', '2013-12-19', 8),
(873, '0005', '2013-12-20', 8),
(874, '0005', '2013-12-23', 8),
(875, '0005', '2013-12-24', 0),
(876, '0005', '2013-12-25', 0),
(877, '0005', '2013-12-26', 8),
(878, '0005', '2013-12-27', 8),
(879, '0005', '2013-12-30', 8),
(880, '0005', '2013-12-31', 8),
(881, '0006', '2013-12-02', 8),
(882, '0006', '2013-12-03', 8),
(883, '0006', '2013-12-04', 8),
(884, '0006', '2013-12-05', 0),
(885, '0006', '2013-12-06', 8),
(886, '0006', '2013-12-09', 8),
(887, '0006', '2013-12-10', 8),
(888, '0006', '2013-12-11', 8),
(889, '0006', '2013-12-12', 8),
(890, '0006', '2013-12-13', 8),
(891, '0006', '2013-12-16', 8),
(892, '0006', '2013-12-17', 8),
(893, '0006', '2013-12-18', 8),
(894, '0006', '2013-12-19', 8),
(895, '0006', '2013-12-20', 8),
(896, '0006', '2013-12-23', 8),
(897, '0006', '2013-12-24', 0),
(898, '0006', '2013-12-25', 0),
(899, '0006', '2013-12-26', 8),
(900, '0006', '2013-12-27', 8),
(901, '0006', '2013-12-30', 8),
(902, '0006', '2013-12-31', 8),
(903, '0007', '2013-12-02', 8),
(904, '0007', '2013-12-03', 8),
(905, '0007', '2013-12-04', 8),
(906, '0007', '2013-12-05', 0),
(907, '0007', '2013-12-06', 8),
(908, '0007', '2013-12-09', 8),
(909, '0007', '2013-12-10', 8),
(910, '0007', '2013-12-11', 8),
(911, '0007', '2013-12-12', 8),
(912, '0007', '2013-12-13', 8),
(913, '0007', '2013-12-16', 8),
(914, '0007', '2013-12-17', 8),
(915, '0007', '2013-12-18', 8),
(916, '0007', '2013-12-19', 8),
(917, '0007', '2013-12-20', 8),
(918, '0007', '2013-12-23', 8),
(919, '0007', '2013-12-24', 0),
(920, '0007', '2013-12-25', 0),
(921, '0007', '2013-12-26', 8),
(922, '0007', '2013-12-27', 8),
(923, '0007', '2013-12-30', 8),
(924, '0007', '2013-12-31', 8);

-- --------------------------------------------------------

--
-- Table structure for table `_tdepartment`
--

CREATE TABLE IF NOT EXISTS `_tdepartment` (
  `department_id` int(11) NOT NULL AUTO_INCREMENT,
  `department` varchar(254) NOT NULL,
  `date_created` datetime NOT NULL,
  `last_update` timestamp NOT NULL DEFAULT CURRENT_TIMESTAMP ON UPDATE CURRENT_TIMESTAMP,
  `status` int(11) NOT NULL,
  PRIMARY KEY (`department_id`)
) ENGINE=MyISAM  DEFAULT CHARSET=latin1 AUTO_INCREMENT=31 ;

--
-- Dumping data for table `_tdepartment`
--

INSERT INTO `_tdepartment` (`department_id`, `department`, `date_created`, `last_update`, `status`) VALUES
(28, 'Desktop Publishing', '2014-09-26 20:53:27', '2014-09-26 18:53:27', 1),
(27, 'Editorial', '2014-09-26 20:52:56', '2014-09-26 18:52:56', 1),
(26, 'Marketing', '2014-09-26 20:52:42', '2014-09-26 18:52:42', 1),
(25, 'Circulation', '2014-09-26 20:52:30', '2014-09-26 18:52:30', 1),
(24, 'Accounting', '2014-09-26 20:52:16', '2014-09-26 18:52:16', 1),
(23, 'Production', '2014-09-26 20:52:03', '2014-09-26 18:52:03', 1),
(29, 'Graphic Design', '2014-09-26 20:53:55', '2014-09-26 18:53:55', 1),
(30, 'Human Resource(HR)', '2014-09-26 20:57:15', '2014-09-26 18:57:15', 1);

-- --------------------------------------------------------

--
-- Table structure for table `_temployee`
--

CREATE TABLE IF NOT EXISTS `_temployee` (
  `employee_id` int(11) NOT NULL AUTO_INCREMENT,
  `eid` varchar(11) NOT NULL,
  `position_id` int(11) NOT NULL,
  `firstname` varchar(254) NOT NULL,
  `middlename` varchar(254) NOT NULL,
  `lastname` varchar(254) NOT NULL,
  `rate` int(11) NOT NULL,
  `civil_status` varchar(254) NOT NULL,
  `avatar` varchar(254) NOT NULL,
  `telephone` varchar(254) NOT NULL,
  `mobile_number` varchar(254) NOT NULL,
  `hire_date` date NOT NULL,
  `address1` varchar(254) NOT NULL,
  `address2` varchar(254) NOT NULL,
  `address3` varchar(254) NOT NULL,
  `_sss` varchar(254) NOT NULL,
  `_philhealth` varchar(254) NOT NULL,
  `_pagibig` varchar(254) NOT NULL,
  `_tin` varchar(254) NOT NULL,
  `email` varchar(254) NOT NULL,
  `password` varchar(254) NOT NULL,
  `status` int(11) NOT NULL,
  `date_created` datetime NOT NULL,
  `last_update` timestamp NOT NULL DEFAULT CURRENT_TIMESTAMP ON UPDATE CURRENT_TIMESTAMP,
  PRIMARY KEY (`employee_id`),
  UNIQUE KEY `eid` (`eid`,`email`),
  KEY `position_id` (`position_id`)
) ENGINE=InnoDB  DEFAULT CHARSET=latin1 AUTO_INCREMENT=42 ;

--
-- Dumping data for table `_temployee`
--

INSERT INTO `_temployee` (`employee_id`, `eid`, `position_id`, `firstname`, `middlename`, `lastname`, `rate`, `civil_status`, `avatar`, `telephone`, `mobile_number`, `hire_date`, `address1`, `address2`, `address3`, `_sss`, `_philhealth`, `_pagibig`, `_tin`, `email`, `password`, `status`, `date_created`, `last_update`) VALUES
(23, '0011', 2, 'asdfas', 'asdfasdf', 'asdf', 23234, 'Single', 'avatar_53d4a5c3c2a1e.jpg', '', '234234', '2014-07-27', '', '', '', '234234234', '234234234', '67676234234', '234234234', 'cathcutemoh@gmail.com', 'wDOa1FWKZeGEhp4::v9Tnh357azhsNSKrErkLHmBTiHgG2Sto/Rc=', 1, '2014-07-27 09:10:39', '2014-07-27 07:10:39'),
(36, '0012', 17, 'Virginia', 'D', 'Agapito', 12, 'Single', 'no_avatar.jpg', '', '481930192', '2014-09-26', '657', 'E.Rod', 'Cubao,Quezon City', '123-12-3333', '23-12312323232-3', '2313-2132-1232', '23-1231232', 'employee@gmail.com', 'xjQXCp7nyrMYLU9::NmUZG4P9REg/wQOB/Vrk96RQiqLHMOP9fG4=', 1, '2014-09-26 20:59:51', '2014-09-26 19:02:24'),
(38, '0013', 24, 'Ghiear', 'C', 'Obana', 12000, 'Single', 'avatar_542c1ba628725.jpg', '', '209183018', '2014-10-01', '13', 'hsakjhd', 'hajkhd', '131-23-1231', '23-12313232323-2', '2321-3123-2321', '23-2323232', 'ghie@gmail.com', 'OrITMYvvF1dmGAo::HRh6+ymR0mL/tmThX7rtckQMpW/d3xsY/BA=', 1, '2014-10-01 17:21:03', '2014-10-01 15:21:03'),
(39, '0014', 20, 'Catherine', 'C', 'Tolentino', 13, 'Single', 'avatar_542c1bf01eaae.jpg', '', '153761725', '2014-10-01', '657', 'jahsjah', 'jjhahs', '890-89-9786', '09-80980976654-5', '9809-0866-5454', '90-9008756', 'cathy@gmail.com', 'nyAcsu46pVnqGOW::v77bmt03kUQ4oQsrmFIu6EPLeXSq6/Uc/rU=', 1, '2014-10-01 17:22:25', '2014-10-01 15:22:25'),
(40, '0015', 22, 'Varbie', 'A', 'Berecio', 13, 'Single', 'avatar_542c1c420cba5.jpg', '', '381631687', '2014-10-01', '68', 'HJGEJA', 'GWJH', '667-56-5646', '56-56646548790-8', '8098-3326-5798', '09-7855423', 'varbie@hotmail.com', 'wNPPa6afWxPD4XV::bKcSwZ35Jv5WaGucxC4kX8ZF+wXT6sklN6Y=', 1, '2014-10-01 17:23:30', '2014-10-01 15:23:30'),
(41, '0016', 21, 'Brendalyn', 'M', 'Baniqued', 12, 'Single', 'avatar_542c1c84d4944.jpg', '', '738273981', '2014-10-01', '867', 'hjhkjhkj', 'hjhjh', '897-86-6554', '67-55879809090-9', '8787-6765-6452', '80-9090998', 'brenda@gmail.com', 'BSeu6Q3IqI59wjn::PrfK2MsRYtpngSW1YjX1yAqiIPyzHWEHUPI=', 1, '2014-10-01 17:24:37', '2014-10-01 15:24:37');

-- --------------------------------------------------------

--
-- Table structure for table `_temprequest`
--

CREATE TABLE IF NOT EXISTS `_temprequest` (
  `emprequest_id` int(11) NOT NULL AUTO_INCREMENT,
  `leavesettings_id` int(11) NOT NULL,
  `employee_id` int(11) NOT NULL,
  `approve_by` int(11) NOT NULL,
  `date_from` date NOT NULL,
  `date_to` date NOT NULL,
  `reason` text NOT NULL,
  `created_at` datetime NOT NULL,
  `update_at` timestamp NOT NULL DEFAULT CURRENT_TIMESTAMP ON UPDATE CURRENT_TIMESTAMP,
  PRIMARY KEY (`emprequest_id`),
  KEY `leavesettings_id` (`leavesettings_id`,`employee_id`,`approve_by`),
  KEY `employee_id` (`employee_id`),
  KEY `approve_by` (`approve_by`)
) ENGINE=InnoDB DEFAULT CHARSET=latin1 AUTO_INCREMENT=1 ;

-- --------------------------------------------------------

--
-- Table structure for table `_tleavesettings`
--

CREATE TABLE IF NOT EXISTS `_tleavesettings` (
  `leavesettings_id` int(11) NOT NULL AUTO_INCREMENT,
  `leave` varchar(254) NOT NULL,
  `days_prior` int(11) NOT NULL,
  `number_of_days` int(11) NOT NULL,
  `update_at` timestamp NOT NULL DEFAULT CURRENT_TIMESTAMP ON UPDATE CURRENT_TIMESTAMP,
  PRIMARY KEY (`leavesettings_id`)
) ENGINE=InnoDB  DEFAULT CHARSET=latin1 AUTO_INCREMENT=4 ;

--
-- Dumping data for table `_tleavesettings`
--

INSERT INTO `_tleavesettings` (`leavesettings_id`, `leave`, `days_prior`, `number_of_days`, `update_at`) VALUES
(1, 'Vacation Leave', 14, 10, '2014-08-03 08:18:24'),
(2, 'Sick Leave', 0, 10, '2014-08-03 08:19:10'),
(3, 'Emergency Leave', 0, 5, '2014-08-03 08:19:10');

-- --------------------------------------------------------

--
-- Table structure for table `_tposition`
--

CREATE TABLE IF NOT EXISTS `_tposition` (
  `position_id` int(11) NOT NULL AUTO_INCREMENT,
  `department_id` int(11) NOT NULL,
  `position` varchar(254) NOT NULL,
  `date_created` timestamp NOT NULL DEFAULT CURRENT_TIMESTAMP ON UPDATE CURRENT_TIMESTAMP,
  `last_update` datetime NOT NULL,
  `status` int(11) NOT NULL,
  PRIMARY KEY (`position_id`),
  KEY `department_id` (`department_id`)
) ENGINE=MyISAM  DEFAULT CHARSET=latin1 AUTO_INCREMENT=25 ;

--
-- Dumping data for table `_tposition`
--

INSERT INTO `_tposition` (`position_id`, `department_id`, `position`, `date_created`, `last_update`, `status`) VALUES
(2, 4, 'Accounting Clerk', '2014-05-18 13:24:00', '0000-00-00 00:00:00', 1),
(4, 5, 'Sales', '2014-05-18 14:58:24', '0000-00-00 00:00:00', 1),
(8, 6, 'Technician', '2014-05-18 14:58:24', '0000-00-00 00:00:00', 1),
(10, 10, 'Operational Manager', '0000-00-00 00:00:00', '0000-00-00 00:00:00', 1),
(11, 12, 'inventory officer', '2014-05-18 13:24:00', '0000-00-00 00:00:00', 1),
(15, 4, 'asdfasdftest', '2014-05-18 14:57:43', '0000-00-00 00:00:00', 1),
(13, 4, 'htello', '2014-05-18 14:58:19', '0000-00-00 00:00:00', 1),
(14, 4, 'test', '2014-05-18 14:38:23', '0000-00-00 00:00:00', 1),
(16, 20, 'Manager', '2014-08-17 05:07:44', '0000-00-00 00:00:00', 1),
(17, 30, 'Manager', '2014-09-26 18:57:40', '0000-00-00 00:00:00', 1),
(18, 25, 'Warehouse Superisor', '2014-09-26 19:08:15', '0000-00-00 00:00:00', 1),
(19, 25, 'Shipping and Delivery', '2014-09-26 19:09:17', '0000-00-00 00:00:00', 1),
(20, 27, 'Editor', '2014-10-01 15:15:43', '0000-00-00 00:00:00', 1),
(21, 26, 'Staff', '2014-10-01 15:16:49', '0000-00-00 00:00:00', 1),
(22, 29, 'Graphic Designer', '2014-10-01 15:17:09', '0000-00-00 00:00:00', 1),
(23, 26, 'Agent', '2014-10-01 15:17:38', '0000-00-00 00:00:00', 1),
(24, 28, 'Author', '2014-10-01 15:18:02', '0000-00-00 00:00:00', 1);

-- --------------------------------------------------------

--
-- Table structure for table `_xacl`
--

CREATE TABLE IF NOT EXISTS `_xacl` (
  `xacl_id` int(11) NOT NULL AUTO_INCREMENT,
  `xparentmodule_id` int(11) NOT NULL,
  `xroles_id` int(11) NOT NULL,
  `_xcreate` int(11) NOT NULL,
  `_xread` int(11) NOT NULL,
  `_xupdate` int(11) NOT NULL,
  `_xdelete` int(11) NOT NULL,
  `_xexport` int(11) NOT NULL DEFAULT '0',
  `_xprint` int(11) NOT NULL DEFAULT '0',
  `_xupload` int(11) NOT NULL DEFAULT '0',
  PRIMARY KEY (`xacl_id`),
  KEY `xroles_id` (`xroles_id`),
  KEY `xparentmodule_id` (`xparentmodule_id`)
) ENGINE=InnoDB  DEFAULT CHARSET=latin1 AUTO_INCREMENT=98 ;

--
-- Dumping data for table `_xacl`
--

INSERT INTO `_xacl` (`xacl_id`, `xparentmodule_id`, `xroles_id`, `_xcreate`, `_xread`, `_xupdate`, `_xdelete`, `_xexport`, `_xprint`, `_xupload`) VALUES
(41, 3, 2, 1, 1, 1, 1, 1, 1, 0),
(42, 4, 2, 1, 1, 1, 1, 1, 1, 0),
(44, 5, 2, 1, 1, 1, 1, 1, 1, 0),
(45, 2, 2, 0, 1, 0, 0, 0, 0, 0),
(48, 2, 1, 0, 1, 0, 0, 0, 0, 0),
(49, 1, 1, 1, 1, 1, 1, 1, 1, 0),
(76, 3, 1, 1, 1, 1, 1, 1, 1, 0),
(77, 4, 1, 1, 1, 1, 1, 1, 1, 0),
(78, 5, 1, 1, 1, 1, 1, 1, 0, 0),
(79, 1, 2, 1, 0, 0, 0, 0, 0, 0),
(80, 2, 9, 0, 1, 0, 0, 0, 0, 0),
(81, 4, 9, 1, 0, 0, 0, 0, 0, 0),
(82, 5, 9, 1, 0, 0, 0, 0, 0, 0),
(83, 2, 10, 0, 1, 0, 0, 0, 0, 0),
(84, 9, 10, 0, 1, 0, 0, 0, 0, 0),
(85, 14, 10, 1, 1, 1, 1, 1, 0, 0),
(86, 15, 10, 1, 1, 1, 1, 0, 0, 0),
(87, 7, 10, 1, 1, 1, 1, 1, 1, 0),
(88, 5, 10, 1, 1, 1, 1, 1, 1, 0),
(89, 9, 2, 0, 1, 0, 0, 0, 0, 0),
(90, 14, 2, 1, 1, 1, 1, 1, 0, 0),
(91, 15, 2, 1, 1, 1, 1, 0, 0, 0),
(92, 7, 2, 1, 1, 1, 1, 1, 1, 0),
(93, 6, 2, 1, 1, 1, 1, 1, 1, 0),
(94, 13, 2, 0, 1, 0, 0, 1, 1, 0),
(95, 8, 2, 1, 1, 1, 1, 1, 1, 0),
(96, 10, 2, 0, 1, 1, 0, 0, 0, 0),
(97, 11, 2, 1, 1, 1, 1, 1, 1, 0);

-- --------------------------------------------------------

--
-- Table structure for table `_xmodule`
--

CREATE TABLE IF NOT EXISTS `_xmodule` (
  `xmodule_id` int(11) NOT NULL AUTO_INCREMENT,
  `xparentmodule_id` int(11) NOT NULL,
  `module` varchar(254) NOT NULL,
  `_xurl` varchar(254) NOT NULL,
  `_create` int(11) NOT NULL DEFAULT '0',
  `_read` int(11) NOT NULL DEFAULT '1',
  `_update` int(11) NOT NULL DEFAULT '0',
  `_delete` int(11) NOT NULL DEFAULT '0',
  `_export` int(11) NOT NULL DEFAULT '0',
  `_print` int(11) NOT NULL DEFAULT '0',
  `date_created` int(11) NOT NULL,
  `last_update` timestamp NOT NULL DEFAULT CURRENT_TIMESTAMP ON UPDATE CURRENT_TIMESTAMP,
  `status` int(11) NOT NULL DEFAULT '1',
  PRIMARY KEY (`xmodule_id`),
  UNIQUE KEY `module` (`module`),
  UNIQUE KEY `_xurl` (`_xurl`),
  KEY `parentlabel_id` (`xparentmodule_id`)
) ENGINE=InnoDB  DEFAULT CHARSET=latin1 AUTO_INCREMENT=2 ;

--
-- Dumping data for table `_xmodule`
--

INSERT INTO `_xmodule` (`xmodule_id`, `xparentmodule_id`, `module`, `_xurl`, `_create`, `_read`, `_update`, `_delete`, `_export`, `_print`, `date_created`, `last_update`, `status`) VALUES
(1, 5, 'testsub', 'testsub', 1, 1, 1, 1, 1, 1, 0, '2014-04-17 05:22:58', 1);

-- --------------------------------------------------------

--
-- Table structure for table `_xparentlabel`
--

CREATE TABLE IF NOT EXISTS `_xparentlabel` (
  `xparentlabel_id` int(11) NOT NULL AUTO_INCREMENT,
  `label` varchar(254) NOT NULL,
  `creation_date` datetime NOT NULL,
  `last_update` timestamp NOT NULL DEFAULT CURRENT_TIMESTAMP ON UPDATE CURRENT_TIMESTAMP,
  `status` int(11) NOT NULL DEFAULT '1',
  PRIMARY KEY (`xparentlabel_id`)
) ENGINE=InnoDB  DEFAULT CHARSET=latin1 AUTO_INCREMENT=7 ;

--
-- Dumping data for table `_xparentlabel`
--

INSERT INTO `_xparentlabel` (`xparentlabel_id`, `label`, `creation_date`, `last_update`, `status`) VALUES
(1, 'Home', '2014-04-13 14:00:00', '2014-04-17 01:52:22', 1),
(2, 'System Settings', '2014-04-13 12:00:00', '2014-04-17 01:51:29', 1),
(3, 'Human Resource', '2014-04-17 00:00:00', '2014-04-17 12:56:18', 1),
(4, 'Accounting', '2014-04-17 00:00:00', '2014-04-17 12:56:34', 1),
(5, 'Payroll Settings', '2014-05-28 00:00:00', '2014-05-13 13:23:12', 1),
(6, 'Reports', '2014-05-13 00:00:00', '2014-05-13 14:41:56', 1);

-- --------------------------------------------------------

--
-- Table structure for table `_xparentmodule`
--

CREATE TABLE IF NOT EXISTS `_xparentmodule` (
  `xparentmodule_id` int(11) NOT NULL AUTO_INCREMENT,
  `xparentlabel_id` int(11) NOT NULL,
  `parentmodule` varchar(254) NOT NULL,
  `_xurl` varchar(254) NOT NULL,
  `_xcreate` int(11) NOT NULL DEFAULT '0',
  `_xread` int(11) NOT NULL DEFAULT '0',
  `_xupdate` int(11) NOT NULL DEFAULT '0',
  `_xdelete` int(11) NOT NULL DEFAULT '0',
  `_xprint` int(11) NOT NULL DEFAULT '0',
  `_xexport` int(11) NOT NULL DEFAULT '0',
  `_xupload` int(11) NOT NULL DEFAULT '0',
  `date_created` datetime NOT NULL,
  `last_update` timestamp NOT NULL DEFAULT CURRENT_TIMESTAMP ON UPDATE CURRENT_TIMESTAMP,
  `status` int(11) NOT NULL DEFAULT '0',
  PRIMARY KEY (`xparentmodule_id`),
  UNIQUE KEY `parentmodule` (`parentmodule`),
  UNIQUE KEY `_xurl` (`_xurl`),
  KEY `parentlabel_id` (`xparentlabel_id`)
) ENGINE=InnoDB  DEFAULT CHARSET=latin1 AUTO_INCREMENT=16 ;

--
-- Dumping data for table `_xparentmodule`
--

INSERT INTO `_xparentmodule` (`xparentmodule_id`, `xparentlabel_id`, `parentmodule`, `_xurl`, `_xcreate`, `_xread`, `_xupdate`, `_xdelete`, `_xprint`, `_xexport`, `_xupload`, `date_created`, `last_update`, `status`) VALUES
(1, 2, 'modules', 'modules', 1, 1, 1, 1, 1, 1, 0, '2014-04-13 09:22:00', '2014-04-13 11:48:55', 1),
(2, 1, 'Dashboard', 'home', 0, 1, 0, 0, 0, 0, 0, '2014-04-13 09:00:00', '2014-04-27 02:31:22', 1),
(3, 2, 'Role', 'role', 1, 1, 1, 1, 1, 1, 0, '2014-04-23 09:25:00', '2014-04-13 11:47:15', 1),
(4, 2, 'Users', 'users', 1, 1, 1, 1, 1, 1, 0, '2014-04-13 11:26:00', '2014-04-17 01:59:45', 1),
(5, 3, 'Employees', 'employees', 1, 1, 1, 1, 1, 1, 0, '2014-04-17 00:00:00', '2014-05-13 13:08:49', 1),
(6, 4, 'Daily attendance', 'daily-attendance', 1, 1, 1, 1, 1, 1, 0, '0000-00-00 00:00:00', '2014-05-13 13:16:24', 1),
(7, 3, 'Leave request', 'leaves-request', 1, 1, 1, 1, 1, 1, 0, '0000-00-00 00:00:00', '2014-05-13 13:19:01', 1),
(8, 4, 'Overtime', 'overtime', 1, 1, 1, 1, 1, 1, 0, '0000-00-00 00:00:00', '2014-05-13 13:19:51', 1),
(9, 2, 'Testing', 'testing', 0, 1, 0, 0, 0, 0, 0, '0000-00-00 00:00:00', '2014-07-13 07:18:24', 0),
(10, 5, 'General Settings', 'general-settings', 0, 1, 1, 0, 0, 0, 0, '0000-00-00 00:00:00', '2014-05-13 13:38:12', 1),
(11, 5, 'Flexitime Settings', 'flexitime-settings', 1, 1, 1, 1, 1, 1, 0, '0000-00-00 00:00:00', '2014-05-13 13:38:28', 1),
(12, 5, 'Holiday Settings', 'holiday-settings', 1, 1, 1, 1, 0, 0, 0, '0000-00-00 00:00:00', '2014-06-07 23:59:43', 0),
(13, 4, 'Payslip', 'payslip', 0, 1, 0, 0, 1, 1, 0, '0000-00-00 00:00:00', '2014-05-13 14:43:26', 1),
(14, 3, 'Department management', 'department', 1, 1, 1, 1, 0, 1, 0, '0000-00-00 00:00:00', '2014-05-14 13:21:34', 1),
(15, 3, 'Position management', 'positions', 1, 1, 1, 1, 0, 0, 0, '0000-00-00 00:00:00', '2014-05-18 13:18:35', 1);

-- --------------------------------------------------------

--
-- Table structure for table `_xroles`
--

CREATE TABLE IF NOT EXISTS `_xroles` (
  `xroles_id` int(11) NOT NULL AUTO_INCREMENT,
  `role` varchar(254) NOT NULL,
  `date_created` datetime NOT NULL,
  `last_update` timestamp NOT NULL DEFAULT CURRENT_TIMESTAMP ON UPDATE CURRENT_TIMESTAMP,
  `status` int(11) NOT NULL,
  PRIMARY KEY (`xroles_id`),
  UNIQUE KEY `role` (`role`)
) ENGINE=InnoDB  DEFAULT CHARSET=latin1 AUTO_INCREMENT=11 ;

--
-- Dumping data for table `_xroles`
--

INSERT INTO `_xroles` (`xroles_id`, `role`, `date_created`, `last_update`, `status`) VALUES
(1, 'System Developer', '2014-04-13 12:00:00', '2014-05-11 13:55:01', 0),
(2, 'System Administrators', '2014-04-13 13:04:00', '2014-07-13 04:42:55', 1),
(9, 'Data Encoder', '2014-05-11 04:20:58', '2014-10-01 15:27:52', 0),
(10, 'Human Resource', '2014-07-06 03:32:11', '2014-07-06 03:32:11', 1);

-- --------------------------------------------------------

--
-- Table structure for table `_xusers`
--

CREATE TABLE IF NOT EXISTS `_xusers` (
  `xusers_id` int(11) NOT NULL AUTO_INCREMENT,
  `email` varchar(254) NOT NULL,
  `password` varchar(254) NOT NULL,
  `first_name` varchar(254) NOT NULL,
  `middle_name` varchar(254) NOT NULL,
  `last_name` varchar(254) NOT NULL,
  `avatar` varchar(254) NOT NULL,
  `date_created` datetime NOT NULL,
  `last_update` timestamp NOT NULL DEFAULT CURRENT_TIMESTAMP ON UPDATE CURRENT_TIMESTAMP,
  `status` int(11) NOT NULL,
  `xroles_id` int(11) NOT NULL,
  PRIMARY KEY (`xusers_id`),
  UNIQUE KEY `email` (`email`),
  KEY `xroles_id` (`xroles_id`)
) ENGINE=InnoDB  DEFAULT CHARSET=latin1 AUTO_INCREMENT=5 ;

--
-- Dumping data for table `_xusers`
--

INSERT INTO `_xusers` (`xusers_id`, `email`, `password`, `first_name`, `middle_name`, `last_name`, `avatar`, `date_created`, `last_update`, `status`, `xroles_id`) VALUES
(1, 'demo@dmin.com', 'Fr2qsjllEbkfRz4::isjBZzw2ujkcUwjGvi1F5LXYfdDc7JMMCg==', 'Red', 'Mariano', 'De juan', '', '2014-04-13 12:00:00', '2014-05-20 13:27:37', 1, 1),
(2, 'administrator@system.com', 'Fr2qsjllEbkfRz4::isjBZzw2ujkcUwjGvi1F5LXYfdDc7JMMCg==', 'Administrator', 'Administratorx', 'Administrator', '', '2014-04-13 12:15:00', '2014-07-13 07:22:12', 1, 2),
(4, 'hr@system.com', 'XpjaBB6BFXhx5sK::SIo8lrtevZUEyZggdSQRQhwKQb+z8gbA928=', 'Cat', 'Cat', 'Cat', '', '2014-07-06 03:33:43', '2014-07-06 03:33:43', 1, 10);

--
-- Constraints for dumped tables
--

--
-- Constraints for table `_temprequest`
--
ALTER TABLE `_temprequest`
  ADD CONSTRAINT `_temprequest_ibfk_1` FOREIGN KEY (`employee_id`) REFERENCES `_temployee` (`employee_id`) ON DELETE CASCADE ON UPDATE CASCADE,
  ADD CONSTRAINT `_temprequest_ibfk_2` FOREIGN KEY (`leavesettings_id`) REFERENCES `_tleavesettings` (`leavesettings_id`) ON DELETE CASCADE ON UPDATE CASCADE,
  ADD CONSTRAINT `_temprequest_ibfk_3` FOREIGN KEY (`approve_by`) REFERENCES `_temployee` (`employee_id`) ON DELETE CASCADE ON UPDATE CASCADE;

--
-- Constraints for table `_xacl`
--
ALTER TABLE `_xacl`
  ADD CONSTRAINT `_xacl_ibfk_2` FOREIGN KEY (`xroles_id`) REFERENCES `_xroles` (`xroles_id`) ON DELETE CASCADE ON UPDATE CASCADE,
  ADD CONSTRAINT `_xacl_ibfk_4` FOREIGN KEY (`xparentmodule_id`) REFERENCES `_xparentmodule` (`xparentmodule_id`) ON DELETE CASCADE ON UPDATE CASCADE;

--
-- Constraints for table `_xmodule`
--
ALTER TABLE `_xmodule`
  ADD CONSTRAINT `_xmodule_ibfk_1` FOREIGN KEY (`xparentmodule_id`) REFERENCES `_xparentmodule` (`xparentmodule_id`) ON DELETE CASCADE ON UPDATE CASCADE;

--
-- Constraints for table `_xparentmodule`
--
ALTER TABLE `_xparentmodule`
  ADD CONSTRAINT `_xparentmodule_ibfk_1` FOREIGN KEY (`xparentlabel_id`) REFERENCES `_xparentlabel` (`xparentlabel_id`) ON DELETE CASCADE ON UPDATE CASCADE;

--
-- Constraints for table `_xusers`
--
ALTER TABLE `_xusers`
  ADD CONSTRAINT `_xusers_ibfk_1` FOREIGN KEY (`xroles_id`) REFERENCES `_xroles` (`xroles_id`);

/*!40101 SET CHARACTER_SET_CLIENT=@OLD_CHARACTER_SET_CLIENT */;
/*!40101 SET CHARACTER_SET_RESULTS=@OLD_CHARACTER_SET_RESULTS */;
/*!40101 SET COLLATION_CONNECTION=@OLD_COLLATION_CONNECTION */;
